{"cameraMode":{"drawMode":0,"name":"Shaded","section":"Shading Mode"},"sceneLighting":true,"audioPlay":false,"sceneViewState":{"m_AlwaysRefresh":false,"showFog":true,"showSkybox":true,"showFlares":true,"showImageEffects":true,"showParticleSystems":true,"showVisualEffectGraphs":true,"m_FxEnabled":true},"in2DMode":false,"pivot":{"x":4.579793930053711,"y":0.1471576690673828,"z":80.63492584228516},"rotation":{"x":0.008999519050121308,"y":-0.01199834980070591,"z":0.00010799206211231649,"w":0.9998917579650879},"size":9.411002159118653,"orthographic":true}