{"cameraMode":{"drawMode":0,"name":"Shaded","section":"Shading Mode"},"sceneLighting":true,"audioPlay":false,"sceneViewState":{"m_AlwaysRefresh":false,"showFog":true,"showSkybox":true,"showFlares":true,"showImageEffects":true,"showParticleSystems":true,"showVisualEffectGraphs":true,"m_FxEnabled":true},"in2DMode":false,"pivot":{"x":0.2654285430908203,"y":-0.4663047790527344,"z":90.13951110839844},"rotation":{"x":0.006040508393198252,"y":-0.03237533196806908,"z":0.0011061473051086069,"w":-0.9995960593223572},"size":9.490479469299317,"orthographic":true}